id,nome,email,cidade,data_cadastro
38,Mark Valencia MD,ufry@example.net,Janetton,2021-11-24
79,Benjamin Archer,guerrerojustin@example.org,New Derekmouth,2020-07-05
18,Nicole Cook,susanvasquez@example.org,East Christopherbury,2024-08-26
54,Brenda Flores,ugonzales@example.com,New Edwin,2024-10-30
75,Mr. Larry Morris MD,samuel21@example.net,Joshuaport,2023-10-28
88,Mr. Anthony Perez,wrightmartin@example.com,Lake Markfort,2020-10-08
72,Laura Ford,brownchelsea@example.com,Sherryland,2022-02-25
70,David Lee,joseph62@example.org,Williamsland,2024-11-12
67,Angela Todd,dickersonpeggy@example.net,West Davidtown,2021-01-20
62,Nicholas Terry,brett71@example.net,South Chad,2023-06-19
86,Cameron Gonzalez,dmays@example.com,Haleychester,2023-11-28
82,Andrew Vance,rosscynthia@example.net,North Veronicaton,2021-09-20
4,Jennifer Lyons,costachristine@example.net,Salazarland,2024-11-20
41,Cassandra Miranda,derrick87@example.com,West Joshuaside,2021-09-25
96,David Jackson,htaylor@example.com,Lake Teresaville,2021-04-25
53,Michelle Hanson,nicholsonwilliam@example.com,Markmouth,2022-06-06
6,David Powell,nicholas12@example.net,Turnermouth,2023-09-14
80,Matthew Lee,dberry@example.net,Guerrerotown,2023-06-10
99,Ashley Kelley,williamsbrett@example.net,Brownhaven,2024-07-24
58,Kathy Ali,gonzalezlouis@example.net,South Theresaville,2021-05-11
8,Michael Herrera,wsims@example.org,Stevestad,2021-10-19
65,Rhonda Mckay,rhodesjames@example.com,Sandovalland,2022-06-24
26,Jorge Branch,marcus70@example.org,East Ashleyview,2024-02-09
85,Mr. Nicholas Griffin Jr.,xmendoza@example.com,North John,2023-10-20
68,Stephanie Schroeder,twoods@example.com,North Kathleen,2024-03-13
34,Micheal West,lesliebrock@example.org,West Hector,2023-07-28
60,Stephen Fisher,tnichols@example.com,New Lauramouth,2022-10-14
55,Sergio Harrison,jameschang@example.com,Lutzstad,2023-11-10
71,Pedro Mcpherson,gmiller@example.net,Lake Timothystad,2023-01-26
16,David Johnson,fwilson@example.org,Matthewside,2023-08-08
66,Mr. Victor Sanders,calhounrobin@example.com,Ericshire,2023-09-24
12,Christopher Roy,saundersrichard@example.org,New Mary,2020-05-03
61,Vicki Vang,zball@example.net,Port Elizabeth,2020-01-03
98,Jessica Lopez,chelseacole@example.com,South Andrew,2020-11-29
49,Christopher Adams,jesuscastillo@example.com,West Michaelfort,2024-04-23
74,Jeffery Schultz,usuarez@example.org,Port Codyberg,2024-07-28
19,Kelsey Davis,elizabeth31@example.org,Port Randy,2023-04-23
36,David Brady,christina12@example.com,South Wandashire,2024-03-04
51,Michael Morrison,jgarrett@example.net,Port Andrea,2020-01-25
27,Rebecca Molina,ashleyfrancis@example.org,Garrettchester,2021-05-05
32,Edwin Rivas,eric29@example.com,Davidview,2021-08-22
13,Mark Wilson,pricebrenda@example.net,New Lawrence,2024-06-04
94,Dr. Margaret Jones DDS,suzannesummers@example.net,East Christopherview,2021-04-17
91,Aaron Evans,adam36@example.org,New Nathan,2021-11-01
21,Raymond Warren,ibarrera@example.com,North Rodney,2021-02-06
77,Lori Coleman,melissa26@example.org,Clarkville,2024-12-08
73,Jason Rodriguez,michaelpeterson@example.com,Codyshire,2024-05-18
97,Luis Rivera,asnow@example.com,Johnsonside,2020-08-12
92,Diane Palmer,bpeterson@example.net,Nicoleshire,2021-03-05
31,Spencer Nolan,alicewilson@example.org,Stephenview,2021-10-17
44,Nathaniel Meyers,torresstanley@example.net,New Michael,2021-03-24
10,Michael Malone,wallacedeborah@example.com,North Christinaville,2023-10-01
1,Marc Daniels,ninarios@example.org,Port William,2021-08-15
56,Ashley Ortiz MD,anthonyfoster@example.net,Denisemouth,2023-06-30
52,Ellen Silva,gutierrezbrent@example.net,Randolphstad,2020-06-01
25,Samantha Hale,lowekelly@example.org,Bensonstad,2020-02-25
93,Jennifer King,ujohnson@example.net,Moralesland,2022-10-14
64,Melanie Richardson,matthew84@example.net,North Paul,2023-06-22
89,Ashley Hampton,thomasadam@example.com,Archerland,2021-04-26
29,David Bean,wking@example.org,Jenniferfurt,2020-12-28
90,Brian Ward,brittany65@example.net,Lake Williammouth,2022-09-21
42,Alison Smith,davisstephen@example.org,Marquezmouth,2024-07-04
24,Gregory Foster,yestrada@example.org,Emilyview,2025-01-22
28,Gloria Tucker,lancehester@example.net,Loweside,2022-02-12
9,Robert Gutierrez,thompsontracy@example.org,West Terrifurt,2023-07-26
84,Jeremy Ali,dominguezjenna@example.com,Lake Whitneyton,2021-08-11
47,Kenneth Hicks,melanie08@example.org,East Johnside,2021-08-09
57,Rachel Allen,wmurray@example.com,Marilynport,2020-10-16
14,Jenny Green,moorejay@example.net,West Thomas,2020-02-05
81,Ashley Mccarthy,jimmy34@example.com,Audreyport,2022-09-25
63,Kimberly Bishop,castroamy@example.net,South Colleen,2024-11-15
43,Troy Hawkins,anthony22@example.net,Jamestown,2021-12-14
100,Paula Wilson,brett57@example.org,North Brandon,2024-10-12
59,Eric Davis,amber79@example.org,East William,2021-12-04
48,Cynthia Rodriguez,ccarr@example.com,Aliciaton,2023-04-29
20,Mark Ryan,christine92@example.org,Port Cheyenne,2022-08-29
50,Ashley Jensen,gregory08@example.org,Rothberg,2021-05-26
83,Joshua Johnson,robertmonroe@example.org,Gregoryberg,2024-10-25
15,Allison Sparks,wperkins@example.com,Lake Robyn,2025-03-10
22,Brian Olsen,jamiethompson@example.net,North Angelaland,2024-02-08
30,Jonathan Brooks,andrea76@example.org,Weberburgh,2022-02-16
46,Stephen Wilson,rpena@example.com,Warrenberg,2020-01-06
78,Michael Mathews,allison98@example.com,Riceland,2024-10-29
17,Aaron Walker,wendywhite@example.com,Kennedyview,2020-02-26
87,Victoria Welch,brittanygallegos@example.org,New Lance,2023-06-30
11,Jared Manning,james79@example.net,New Christopher,2020-09-15
2,Scott Smith,ryan29@example.org,Brendashire,2023-12-19
7,Nathaniel Rodriguez,jeffrey84@example.com,North Michael,2023-09-03
37,Marco Taylor,isimpson@example.net,East Tara,2023-11-17
40,Carrie Baldwin,lauralewis@example.org,Lake Lauraside,2022-05-06
69,Jim Anderson,kathrynramos@example.net,West Tabithahaven,2020-01-31
5,Chad Harris,ctaylor@example.net,Port Amandatown,2023-03-06
33,Martin Jenkins,benjamin21@example.org,New Bonnieborough,2021-07-18
35,Claudia Martin,sgraham@example.com,Port Denise,2021-12-17
76,Jason Baker,barnesdebra@example.org,Johnsontown,2024-03-21
95,Elaine Howard,graybrandon@example.com,New James,2020-04-16
3,Tracey Torres,mroach@example.com,West Kerri,2020-02-09
23,Amber Powers,stephanie68@example.com,Campbellmouth,2024-07-29
39,Robert Simmons,michael05@example.com,Lake Markside,2024-05-30
45,Tony Donovan,jasminewebb@example.org,Port Roseview,2020-10-12
